Date,Commits
2018-01-10,6
2018-01-11,1
2018-01-12,3
2018-01-15,2
2018-01-16,10
2018-01-17,2
2018-01-18,1
2018-01-19,4
2018-01-20,1
2018-01-21,3
2018-01-22,2
2018-01-28,8
2018-01-30,6
2018-02-01,11
2018-02-02,6
2018-02-06,5
2018-02-09,11
2018-02-10,6
2018-02-12,10
2018-02-14,7
2018-02-16,4
2018-02-19,2
2018-02-20,15
2018-02-21,21
2018-02-22,5
2018-02-23,5
2018-02-24,7
2018-02-25,3
2018-02-26,1
2018-02-28,4
2018-03-01,4
2018-03-02,2
2018-03-05,1
2018-03-07,5
2018-03-08,10
2018-03-09,31
2018-03-12,49
2018-03-13,17
2018-03-14,25
2018-03-15,81
2018-03-16,58
2018-03-17,4
2018-03-18,1
2018-03-19,36
2018-03-20,35
2018-03-21,48
2018-03-22,18
2018-03-23,26
2018-03-26,34
2018-03-27,39
2018-03-28,17
2018-03-29,17
2018-04-03,39
2018-04-04,10
2018-04-05,35
2018-04-06,17
2018-04-09,16
2018-04-10,29
2018-04-11,8
2018-04-12,37
2018-04-13,11
2018-04-16,39
2018-04-17,14
2018-04-18,11
2018-04-19,30
2018-04-20,18
2018-04-21,16
2018-04-22,4
2018-04-23,20
2018-04-24,35
2018-04-25,17
2018-04-26,8
2018-04-27,3
2018-04-30,24
2018-05-01,3
2018-05-02,33
2018-05-03,15
2018-05-04,8
2018-05-05,7
2018-05-07,41
2018-05-08,20
2018-05-09,13
2018-05-11,15
2018-05-14,22
2018-05-15,33
2018-05-16,18
2018-05-17,28
2018-05-18,5
2018-05-21,3
2018-05-22,19
2018-05-23,12
2018-05-24,36
2018-05-25,8
2018-05-28,8
2018-05-29,40
2018-05-30,31
2018-05-31,6
2018-06-01,38
2018-06-04,5
2018-06-05,35
2018-06-06,23
2018-06-07,42
2018-06-08,31
2018-06-11,15
2018-06-12,18
2018-06-13,28
2018-06-14,27
2018-06-15,46
2018-06-18,40
2018-06-19,27
2018-06-20,18
2018-06-21,41
2018-06-22,3
2018-06-23,23
2018-06-24,1
2018-06-25,9
2018-06-26,19
2018-06-27,36
2018-06-28,12
2018-06-29,9
2018-07-02,16
2018-07-03,31
2018-07-04,34
2018-07-05,39
2018-07-06,30
2018-07-07,10
2018-07-09,34
2018-07-10,16
2018-07-11,25
2018-07-12,12
2018-07-13,18
2018-07-16,1
2018-07-17,14
2018-07-18,15
2018-07-19,12
2018-07-20,8
2018-07-23,19
2018-07-24,34
2018-07-25,15
2018-07-26,12
2018-07-27,10
2018-07-28,8
2018-07-30,13
2018-07-31,39
2018-08-01,51
2018-08-02,42
2018-08-03,56
2018-08-04,8
2018-08-05,2
2018-08-06,50
2018-08-07,30
2018-08-08,67
2018-08-09,42
2018-08-10,61
2018-08-11,8
2018-08-12,3
2018-08-13,46
2018-08-14,34
2018-08-15,53
2018-08-16,73
2018-08-17,99
2018-08-18,21
2018-08-19,27
2018-08-20,45
2018-08-21,31
2018-08-22,12
2018-08-23,16
2018-08-24,9
2018-08-26,2
2018-08-27,15
2018-08-28,50
2018-08-29,39
2018-08-30,12
2018-08-31,10
2018-09-03,15
2018-09-04,25
2018-09-05,42
2018-09-06,13
2018-09-07,31
2018-09-08,1
2018-09-09,2
2018-09-10,44
2018-09-11,32
2018-09-12,26
2018-09-13,37
2018-09-14,23
2018-09-15,1
2018-09-17,17
2018-09-18,12
2018-09-19,22
2018-09-20,51
2018-09-21,60
2018-09-23,17
2018-09-24,43
2018-09-25,43
2018-09-26,60
2018-09-27,30
2018-09-28,34
2018-10-01,8
2018-10-02,21
2018-10-03,15
2018-10-04,23
2018-10-05,42
2018-10-08,8
2018-10-09,31
2018-10-10,32
2018-10-11,28
2018-10-12,9
2018-10-15,9
2018-10-16,3
2018-10-17,10
2018-10-18,25
2018-10-19,30
2018-10-22,31
2018-10-23,20
2018-10-24,44
2018-10-25,79
2018-10-26,12
2018-10-29,23
2018-10-30,42
2018-10-31,28
2018-11-01,34
2018-11-02,36
2018-11-05,9
2018-11-06,17
2018-11-07,20
2018-11-08,17
2018-11-09,15
2018-11-12,31
2018-11-13,29
2018-11-14,35
2018-11-15,31
2018-11-16,30
2018-11-19,20
2018-11-20,34
2018-11-21,62
2018-11-22,51
2018-11-23,75
2018-11-24,2
2018-11-25,2
2018-11-26,41
2018-11-27,39
2018-11-28,35
2018-11-29,9
2018-11-30,8
2018-12-02,1
2018-12-03,18
2018-12-04,18
2018-12-05,20
2018-12-06,9
2018-12-07,14
2018-12-10,38
2018-12-11,72
2018-12-12,35
2018-12-13,47
2018-12-14,32
2018-12-17,27
2018-12-18,18
2018-12-19,35
2018-12-20,11
2018-12-21,8
2018-12-27,3
2018-12-28,2
2019-01-03,4
2019-01-04,3
2019-01-05,9
2019-01-06,1
2019-01-07,21
2019-01-08,46
2019-01-09,151
2019-01-10,22
2019-01-11,41
2019-01-12,11
2019-01-14,35
2019-01-15,57
2019-01-16,34
2019-01-17,61
2019-01-18,12
2019-01-19,23
2019-01-20,5
2019-01-21,21
2019-01-22,58
2019-01-23,37
2019-01-24,54
2019-01-25,21
2019-01-26,2
2019-01-27,2
2019-01-28,41
2019-01-29,28
2019-01-30,37
2019-01-31,26
2019-02-01,17
2019-02-04,23
2019-02-05,41
2019-02-06,36
2019-02-07,55
2019-02-08,40
2019-02-09,5
2019-02-10,7
2019-02-11,37
2019-02-12,64
2019-02-13,49
2019-02-14,59
2019-02-15,20
2019-02-16,20
2019-02-18,22
2019-02-19,42
2019-02-20,55
2019-02-21,74
2019-02-22,21
2019-02-23,1
2019-02-24,1
2019-02-25,38
2019-02-26,62
2019-02-27,53
2019-02-28,27
2019-03-01,30
2019-03-02,3
2019-03-03,5
2019-03-04,41
2019-03-05,36
2019-03-06,46
2019-03-07,48
2019-03-08,20
2019-03-09,1
2019-03-10,5
2019-03-11,18
2019-03-12,49
2019-03-13,37
2019-03-14,86
2019-03-15,43
2019-03-16,6
2019-03-17,6
2019-03-18,27
2019-03-19,39
2019-03-20,36
2019-03-21,54
2019-03-22,43
2019-03-25,47
2019-03-26,77
2019-03-27,49
2019-03-28,12
2019-03-29,18
2019-04-01,41
2019-04-02,68
2019-04-03,89
2019-04-04,165
2019-04-05,31
2019-04-06,3
2019-04-07,13
2019-04-08,29
2019-04-09,42
2019-04-10,245
2019-04-11,71
2019-04-12,47
2019-04-13,20
2019-04-14,19
2019-04-15,101
2019-04-16,136
2019-04-17,18
2019-04-18,14
2019-04-19,14
2019-04-20,14
2019-04-21,1
2019-04-22,7
2019-04-23,60
2019-04-24,41
2019-04-25,18
2019-04-26,13
2019-04-29,8
2019-04-30,11
2019-05-01,1
2019-05-02,7
2019-05-03,14
2019-05-04,2
2019-05-06,6
2019-05-07,7
2019-05-08,16
2019-05-09,14
2019-05-10,9
2019-05-13,4
2019-05-14,13
2019-05-15,14
2019-05-16,4
2019-05-20,4
2019-05-21,18
2019-05-22,16
2019-05-23,8
2019-05-24,5
2019-05-26,1
2019-05-27,11
2019-05-28,11
2019-05-29,6
2019-05-31,2
2019-06-03,21
2019-06-04,14
2019-06-05,2
2019-06-06,12
2019-06-07,3
2019-06-10,17
2019-06-11,8
2019-06-12,11
2019-06-13,2
2019-06-14,8
2019-06-16,1
2019-06-17,5
2019-06-18,6
2019-06-19,10
2019-06-25,5
2019-06-26,10
2019-06-27,10
2019-06-28,2
2019-07-01,16
2019-07-02,10
2019-07-03,11
2019-07-04,11
2019-07-05,2
2019-07-08,4
2019-07-09,27
2019-07-10,33
2019-07-11,3
2019-07-15,1
2019-07-16,12
2019-07-17,15
2019-07-18,2
2019-07-19,1
2019-07-22,1
2019-07-25,3
2019-07-26,6
2019-07-29,2
2019-07-30,10
2019-07-31,4
2019-08-01,1
2019-08-06,13
2019-08-07,7
2019-08-08,2
2019-08-12,6
2019-08-13,6
2019-08-14,42
2019-08-15,4
2019-08-19,8
2019-08-20,11
2019-08-21,17
2019-08-22,3
2019-08-26,1
2019-08-27,4
2019-08-28,37
2019-08-29,3
2019-09-02,3
2019-09-03,15
2019-09-04,21
2019-09-05,3
2019-09-06,5
2019-09-10,13
2019-09-11,18
2019-09-12,2
2019-09-13,1
2019-09-16,2
2019-09-17,12
2019-09-18,11
2019-09-19,4
2019-09-20,2
2019-09-23,5
2019-09-24,3
2019-09-25,8
2019-09-26,3
2019-09-30,2
2019-10-01,9
2019-10-02,16
2019-10-03,7
2019-10-04,3
2019-10-07,6
2019-10-08,6
2019-10-09,19
2019-10-10,5
2019-10-15,8
2019-10-16,6
2019-10-17,4
2019-10-21,17
2019-10-22,7
2019-10-23,16
2019-10-24,5
2019-10-25,6
2019-10-28,1
2019-10-29,22
2019-10-30,50
2019-10-31,3
2019-11-03,2
2019-11-05,21
2019-11-06,32
2019-11-07,13
2019-11-08,11
2019-11-11,16
2019-11-12,49
2019-11-13,44
2019-11-14,17
2019-11-15,5
2019-11-17,2
2019-11-18,7
2019-11-19,38
2019-11-20,43
2019-11-21,28
2019-11-22,23
2019-11-24,7
2019-11-25,30
2019-11-26,24
2019-11-27,25
2019-11-28,22
2019-11-29,9
2019-12-02,3
2019-12-03,17
2019-12-04,46
2019-12-05,46
2019-12-06,22
2019-12-09,27
2019-12-10,40
2019-12-11,49
2019-12-12,27
2019-12-13,34
2019-12-15,2
2019-12-16,13
2019-12-17,7
2019-12-18,16
2019-12-19,7
2019-12-20,18
2019-12-21,1
2019-12-23,4
2019-12-24,13
2019-12-27,16
2019-12-30,6
2020-01-03,2
2020-01-06,3
2020-01-07,20
2020-01-08,20
2020-01-09,16
2020-01-10,61
2020-01-13,35
2020-01-14,52
2020-01-15,102
2020-01-16,36
2020-01-17,13
2020-01-20,51
2020-01-21,21
2020-01-22,29
2020-01-23,36
2020-01-24,32
2020-01-27,44
2020-01-28,34
2020-01-29,45
2020-01-30,57
2020-01-31,44
2020-02-03,15
2020-02-04,23
2020-02-05,62
2020-02-06,28
2020-02-07,27
